{"assets/fonts/Jura-VariableFont_wght.ttf":["assets/fonts/Jura-VariableFont_wght.ttf"],"assets/images/about_line.png":["assets/images/about_line.png"],"assets/images/about_logo.png":["assets/images/about_logo.png"],"assets/images/about_rocket.png":["assets/images/about_rocket.png"],"assets/images/launch_icon.png":["assets/images/launch_icon.png"],"assets/images/my_marker.png":["assets/images/my_marker.png"],"assets/images/profile_pics/kaustubh.png":["assets/images/profile_pics/kaustubh.png"],"assets/images/profile_pics/krish.png":["assets/images/profile_pics/krish.png"],"assets/images/profile_pics/reyansh.png":["assets/images/profile_pics/reyansh.png"],"assets/images/profile_pics/siddh.png":["assets/images/profile_pics/siddh.png"],"assets/images/robotIcon.png":["assets/images/robotIcon.png"],"assets/images/splash_rocket.png":["assets/images/splash_rocket.png"],"assets/login_logo.png":["assets/login_logo.png"],"assets/map_style.json":["assets/map_style.json"],"packages/cupertino_icons/assets/CupertinoIcons.ttf":["packages/cupertino_icons/assets/CupertinoIcons.ttf"],"packages/font_awesome_flutter/lib/fonts/fa-brands-400.ttf":["packages/font_awesome_flutter/lib/fonts/fa-brands-400.ttf"],"packages/font_awesome_flutter/lib/fonts/fa-regular-400.ttf":["packages/font_awesome_flutter/lib/fonts/fa-regular-400.ttf"],"packages/font_awesome_flutter/lib/fonts/fa-solid-900.ttf":["packages/font_awesome_flutter/lib/fonts/fa-solid-900.ttf"]}